W,R,M1,M2,Q,NetRevenue,CustomerLbd,file_id
20,62,3,2,72,91225,6.0,1
16,120,2,3,138,549047,21.0,10
21,99,2,1,100,-460306,1.0,100
19,56,2,2,93,726439,17.0,1000
10,60,2,1,115,755626,15.0,1001
26,136,2,1,138,671305,16.0,1002
13,98,2,2,66,609539,20.0,1003
27,110,3,2,143,448122,25.0,1004
27,89,3,2,113,410554,28.0,1005
28,123,2,2,86,376103,30.0,1006
17,90,1,2,138,673635,17.0,1007
17,100,1,2,113,599386,19.0,1008
15,139,1,3,68,483353,24.0,1009
11,119,1,2,140,364124,29.0,101
14,114,2,2,132,475891,24.0,1010
30,80,3,2,91,829123,15.0,1011
17,119,2,2,52,475636,25.0,1012
26,113,2,3,65,497424,24.0,1013
25,79,2,1,126,564194,20.0,1014
29,63,2,1,130,492223,23.0,1015
16,121,2,1,142,-115647,5.0,1016
16,126,2,2,116,479230,24.0,1017
21,148,1,2,65,-96900,2.0,1018
12,86,3,1,150,858028,11.0,1019
25,128,3,2,129,683022,17.0,102
11,89,3,1,98,405040,28.0,1020
22,51,3,2,56,234167,11.0,1021
12,118,2,3,98,1572511,5.0,1022
21,132,3,3,109,543143,21.0,1023
19,110,2,3,63,1056789,6.0,1024
21,141,2,2,127,535873,5.0,1025
19,84,3,2,85,1125440,10.0,1026
12,110,1,1,107,587582,18.0,1027
18,75,2,2,132,485461,24.0,1028
21,128,3,3,122,866147,14.0,1029
26,121,2,2,60,538106,22.0,103
25,121,1,3,58,938940,13.0,1030
19,104,2,3,62,399860,29.0,1031
13,112,2,1,92,624021,18.0,1032
21,105,2,2,67,397859,29.0,1033
30,68,1,1,126,651816,16.0,1034
14,84,2,3,84,826040,15.0,1035
12,64,2,2,91,810697,6.0,1036
12,124,1,3,110,667462,4.0,1037
25,90,3,3,133,356883,30.0,1038
17,103,3,2,108,486981,24.0,1039
11,94,1,3,52,574907,21.0,104
16,56,1,3,146,328184,2.0,1040
26,87,3,2,102,450732,26.0,1041
27,67,2,2,98,533338,22.0,1042
11,115,2,2,102,998401,12.0,1043
16,87,1,1,144,353682,29.0,1044
22,89,1,2,75,924643,13.0,1045
27,79,3,3,124,508370,23.0,1046
28,58,3,2,82,429813,28.0,1047
24,78,2,3,134,483548,24.0,1048
13,132,2,1,50,142537,3.0,1049
23,127,1,2,136,486192,23.0,105
14,65,2,1,141,25697,3.0,1050
29,54,2,2,78,734248,17.0,1051
26,75,1,2,116,408971,28.0,1052
22,61,1,2,135,696537,17.0,1053
25,122,2,2,117,928899,6.0,1054
11,68,2,3,105,667505,18.0,1055
25,76,2,3,63,38084,7.0,1056
11,91,2,2,78,1077661,2.0,1057
11,106,2,2,132,997189,12.0,1058
26,142,1,3,111,-305450,6.0,1059
12,91,3,3,85,1288802,5.0,106
24,145,3,2,124,679926,17.0,1060
15,51,3,2,104,423495,28.0,1061
15,95,2,2,135,585326,20.0,1062
14,61,1,1,72,-111337,4.0,1063
14,78,1,2,84,486986,24.0,1064
29,104,3,1,125,-1048881,2.0,1065
11,93,2,1,125,234696,5.0,1066
12,110,3,3,112,386630,29.0,1067
17,91,2,3,128,1006808,12.0,1068
16,130,1,2,72,263136,6.0,1069
22,91,2,3,119,1150193,10.0,107
30,143,3,1,69,490454,23.0,1070
19,123,3,3,83,1510359,8.0,1071
27,133,1,3,135,345702,30.0,1072
20,97,1,1,88,455253,24.0,1073
30,114,1,3,56,872680,14.0,1074
24,53,1,2,65,-454391,6.0,1075
16,138,1,2,78,497365,23.0,1076
11,81,2,3,145,407378,27.0,1077
14,74,1,3,129,795144,15.0,1078
29,85,1,2,126,789890,15.0,1079
22,96,2,2,137,615167,19.0,108
20,91,1,1,60,-530626,1.0,1080
20,72,2,2,73,653200,8.0,1081
14,94,3,2,116,1141510,10.0,1082
15,108,2,2,58,1033808,12.0,1083
17,64,2,3,91,514181,23.0,1084
24,100,1,3,53,1152216,10.0,1085
28,143,2,3,123,1628326,7.0,1086
21,112,2,2,149,1057083,6.0,1087
27,68,2,2,106,716835,17.0,1088
22,81,2,2,98,293766,2.0,1089
17,67,2,2,102,537279,2.0,109
28,117,2,3,107,874900,14.0,1090
24,133,2,2,64,955750,13.0,1091
23,135,3,1,89,828524,13.0,1092
20,122,2,2,73,885430,14.0,1093
14,109,2,2,136,1127907,10.0,1094
21,142,3,3,75,655816,18.0,1095
26,52,3,2,140,871541,14.0,1096
27,146,2,2,144,1493864,7.0,1097
25,82,2,3,130,421357,2.0,1098
29,80,2,3,121,422634,27.0,1099
23,147,3,2,107,1081109,11.0,11
19,125,2,2,56,457233,26.0,110
21,136,2,1,66,494427,23.0,1100
12,132,3,2,95,702883,17.0,1101
19,100,3,2,58,922763,7.0,1102
25,109,1,1,115,-869395,9.0,1103
25,81,2,2,126,118476,2.0,1104
26,118,2,3,102,940226,13.0,1105
26,79,2,2,121,565206,21.0,1106
25,147,1,2,114,-421867,1.0,1107
11,130,1,1,78,546604,13.0,1108
14,138,1,2,116,490140,23.0,1109
30,147,1,2,54,526691,22.0,111
18,52,1,2,52,-101485,9.0,1110
26,50,2,3,134,445668,26.0,1111
27,106,3,2,120,752585,16.0,1112
13,109,2,1,143,97783,7.0,1113
12,125,2,1,89,559867,20.0,1114
23,82,2,2,123,367258,30.0,1115
14,90,1,3,76,489436,24.0,1116
15,64,1,2,133,988212,11.0,1117
25,96,2,3,81,671897,18.0,1118
18,54,2,2,137,872716,14.0,1119
21,141,1,1,141,-646926,3.0,112
27,61,3,2,115,982596,12.0,1120
16,149,2,1,138,448074,24.0,1121
30,51,2,2,120,430942,27.0,1122
28,149,2,2,130,42400,4.0,1123
22,59,2,2,105,75260,3.0,1124
25,79,2,1,106,-297584,10.0,1125
20,124,2,3,147,512103,22.0,1126
11,111,2,2,92,1409393,8.0,1127
14,80,2,1,147,380412,28.0,1128
12,139,1,2,72,609084,19.0,1129
18,127,2,2,124,599742,19.0,113
15,64,3,2,83,534746,4.0,1130
21,132,2,1,139,-488773,3.0,1131
14,60,3,3,130,1064489,11.0,1132
30,65,3,3,92,779533,16.0,1133
23,58,2,2,120,521983,8.0,1134
21,111,1,1,76,-587616,9.0,1135
24,65,1,1,130,-349894,12.0,1136
13,105,2,1,131,89748,7.0,1137
17,97,1,2,96,425682,27.0,1138
19,61,2,2,133,466115,25.0,1139
15,78,2,3,72,503133,24.0,114
18,111,2,1,116,738873,15.0,1140
30,96,2,1,68,600882,19.0,1141
15,147,3,1,145,-66848,8.0,1142
17,68,2,1,52,654566,18.0,1143
18,53,1,3,111,429696,27.0,1144
24,116,3,2,149,846474,14.0,1145
18,65,2,2,135,593076,20.0,1146
13,145,2,2,64,591588,20.0,1147
25,118,2,1,78,469865,24.0,1148
17,110,3,2,125,1145435,10.0,1149
16,98,3,2,76,844016,4.0,115
21,137,2,1,54,370695,30.0,1150
27,88,2,3,140,1283794,7.0,1151
16,124,2,1,56,409196,28.0,1152
25,56,2,3,123,658477,18.0,1153
25,123,2,2,123,230138,3.0,1154
26,77,2,2,132,441401,26.0,1155
30,146,2,1,97,432579,25.0,1156
27,116,1,3,82,617303,19.0,1157
29,138,2,3,105,402763,28.0,1158
27,104,2,2,101,70618,4.0,1159
24,124,2,1,68,-636682,4.0,116
24,71,2,2,69,729175,17.0,1160
28,73,2,1,52,695565,17.0,1161
29,142,3,2,108,926083,13.0,1162
18,95,3,2,81,599998,20.0,1163
27,71,2,3,56,-371691,6.0,1164
27,60,2,2,149,757877,16.0,1165
30,117,2,3,60,1220904,10.0,1166
11,67,3,1,122,378976,29.0,1167
21,105,1,1,63,-531055,11.0,1168
20,84,1,2,108,939200,12.0,1169
26,52,2,2,111,-249827,7.0,117
19,121,3,2,71,770314,16.0,1170
11,121,3,2,139,1580038,7.0,1171
19,118,1,1,69,502402,22.0,1172
30,134,3,2,106,480315,24.0,1173
28,100,3,1,104,-951594,5.0,1174
17,149,2,2,143,463473,24.0,1175
15,93,1,2,117,740700,16.0,1176
12,148,2,1,115,728789,15.0,1177
10,62,2,2,50,946068,11.0,1178
20,124,2,2,92,520464,22.0,1179
17,146,1,2,61,192674,4.0,118
19,137,1,3,54,220270,1.0,1180
17,69,2,2,53,987644,11.0,1181
25,126,2,1,137,-757287,5.0,1182
29,80,2,2,102,824555,15.0,1183
22,145,1,2,76,967629,12.0,1184
28,117,1,1,146,418588,25.0,1185
22,102,2,2,108,446223,26.0,1186
25,97,1,2,146,384008,28.0,1187
11,132,3,2,91,407179,28.0,1188
26,98,1,1,93,-498592,12.0,1189
19,96,1,3,57,198050,6.0,119
10,117,3,2,62,396334,29.0,1190
13,120,3,1,92,459373,24.0,1191
16,71,2,2,93,601903,3.0,1192
25,146,2,2,139,364141,29.0,1193
28,73,1,3,140,996700,9.0,1194
13,75,1,2,139,394610,28.0,1195
27,138,2,2,99,1447834,8.0,1196
22,104,3,3,114,940346,3.0,1197
11,123,2,2,114,403021,28.0,1198
22,126,2,3,84,502200,23.0,1199
13,117,2,1,136,677129,16.0,12
14,133,3,2,108,458625,25.0,120
29,102,2,2,128,641881,18.0,1200
17,115,2,3,96,1137032,2.0,1201
25,78,2,1,135,835242,12.0,1202
26,138,2,1,52,185802,10.0,1203
15,53,3,1,107,551886,21.0,1204
23,140,1,2,77,-245172,4.0,1205
23,73,1,2,96,960491,11.0,1206
19,73,2,3,109,429986,27.0,1207
22,119,3,2,97,640490,5.0,1208
16,125,2,1,53,845021,13.0,1209
24,145,1,1,76,663982,14.0,121
14,61,1,1,108,-113273,10.0,1210
14,75,2,1,90,473307,24.0,1211
13,55,1,3,69,799699,15.0,1212
27,94,2,3,140,401955,1.0,1213
21,97,2,1,55,-401518,8.0,1214
14,51,3,2,119,622200,5.0,1215
15,60,3,1,92,-45676,4.0,1216
29,102,2,3,77,634405,19.0,1217
15,119,2,2,138,938858,5.0,1218
18,124,1,1,118,-420582,3.0,1219
29,130,3,3,55,432339,27.0,122
21,150,2,2,88,1579157,6.0,1220
16,117,3,1,128,850154,12.0,1221
18,84,2,2,141,524073,22.0,1222
14,88,3,3,94,431288,27.0,1223
30,122,2,1,65,855938,12.0,1224
26,58,2,2,134,488352,24.0,1225
19,75,2,1,99,479197,24.0,1226
12,90,2,2,110,1085718,1.0,1227
25,72,3,1,101,460070,25.0,1228
14,138,1,3,77,574391,6.0,1229
26,105,3,3,118,404079,28.0,123
10,69,3,2,94,1112617,10.0,1230
12,84,2,1,96,757858,11.0,1231
20,53,1,2,71,638561,19.0,1232
24,69,2,1,57,-644107,6.0,1233
11,135,3,1,56,805479,14.0,1234
29,145,2,1,87,476645,23.0,1235
22,139,2,2,79,622117,19.0,1236
16,136,2,1,73,-87943,1.0,1237
28,135,3,1,126,361640,29.0,1238
17,115,1,2,110,1042592,10.0,1239
14,73,2,2,83,780235,16.0,124
29,126,3,3,63,1533829,8.0,1240
17,92,1,2,119,500949,23.0,1241
22,103,2,3,90,1100979,11.0,1242
13,136,3,2,132,606770,19.0,1243
18,53,3,2,110,666786,18.0,1244
16,125,1,1,93,-54974,12.0,1245
23,118,2,1,57,-547654,6.0,1246
15,148,2,3,71,404154,28.0,1247
20,127,1,3,55,152810,3.0,1248
25,89,1,3,83,751971,16.0,1249
23,71,1,1,84,-611684,12.0,125
17,83,3,3,125,1104147,1.0,1250
11,83,2,2,81,825697,15.0,1251
16,115,3,2,107,1049317,2.0,1252
12,128,1,3,76,746656,16.0,1253
11,110,2,3,119,503947,23.0,1254
13,142,2,2,76,529629,22.0,1255
12,117,2,3,72,966487,13.0,1256
10,90,2,3,59,901121,14.0,1257
22,143,1,2,106,1001781,9.0,1258
18,149,1,1,89,622975,17.0,1259
28,94,2,1,105,492191,23.0,126
15,103,2,2,97,819879,15.0,1260
12,68,1,2,133,380223,29.0,1261
29,147,2,1,99,517925,21.0,1262
26,112,2,2,57,893135,14.0,1263
12,54,2,3,63,674591,10.0,1264
28,52,1,3,119,623320,19.0,1265
22,138,1,2,93,-162526,7.0,1266
28,80,1,1,62,-1080979,6.0,1267
25,83,2,1,94,408615,28.0,1268
14,71,2,1,93,41432,5.0,1269
14,132,3,1,144,808749,13.0,127
17,99,2,1,68,-124013,9.0,1270
14,109,2,1,88,843368,12.0,1271
24,101,1,3,96,848977,14.0,1272
11,58,2,1,140,403620,27.0,1273
24,131,2,2,65,392013,29.0,1274
25,59,2,1,80,384219,30.0,1275
29,72,2,3,142,868422,14.0,1276
14,138,3,1,127,844412,11.0,1277
19,70,2,2,113,599537,20.0,1278
29,147,3,2,134,1420178,8.0,1279
15,115,2,1,103,-27271,7.0,128
28,83,1,2,83,945532,12.0,1280
18,130,1,3,108,738082,16.0,1281
19,98,2,2,77,1184611,10.0,1282
18,96,2,2,133,615833,19.0,1283
15,76,2,2,117,1148523,8.0,1284
15,109,1,1,101,466358,23.0,1285
13,132,3,2,78,954405,13.0,1286
17,115,3,2,90,458226,25.0,1287
14,138,1,3,147,890818,13.0,1288
26,82,3,1,145,458597,24.0,1289
22,137,3,2,63,448858,26.0,129
16,58,2,2,58,564582,22.0,1290
13,91,3,3,76,1366304,8.0,1291
26,83,2,1,123,825434,13.0,1292
16,113,3,3,94,947291,13.0,1293
15,69,3,2,117,427018,27.0,1294
29,94,1,1,109,-1176074,6.0,1295
27,126,2,3,84,1198964,10.0,1296
24,80,1,1,127,-823964,6.0,1297
18,77,2,2,125,1238118,8.0,1298
14,86,1,2,140,516423,22.0,1299
12,94,2,3,55,1026274,1.0,13
12,81,2,1,97,438395,26.0,130
25,65,2,2,58,909113,13.0,1300
24,146,1,2,125,-333901,7.0,1301
14,52,2,2,90,729109,17.0,1302
13,122,2,3,143,1427995,8.0,1303
15,120,2,2,106,608868,19.0,1304
16,114,3,2,97,521167,22.0,1305
27,54,2,2,132,508072,8.0,1306
20,147,3,1,100,772432,14.0,1307
11,87,1,3,98,467155,25.0,1308
21,100,2,3,71,591333,2.0,1309
26,148,1,1,134,635858,14.0,131
15,76,3,2,74,890334,14.0,1310
20,149,3,2,117,430292,26.0,1311
29,122,3,2,118,479461,24.0,1312
24,92,2,1,112,491072,23.0,1313
16,86,2,2,54,840853,15.0,1314
25,81,2,2,76,814971,8.0,1315
30,137,2,1,145,-1074499,7.0,1316
28,90,2,2,90,401956,29.0,1317
24,141,1,3,138,1135303,9.0,1318
25,52,1,2,84,-506718,2.0,1319
24,61,2,3,80,443065,27.0,132
28,103,2,3,52,821710,7.0,1320
29,56,3,1,103,-393002,10.0,1321
20,70,2,2,65,158815,5.0,1322
13,89,3,3,91,597671,20.0,1323
16,108,2,3,69,969998,13.0,1324
14,101,2,2,144,518390,22.0,1325
13,102,2,1,117,836649,12.0,1326
27,106,1,3,97,422489,27.0,1327
15,74,2,2,114,617278,19.0,1328
24,57,2,1,55,-643055,10.0,1329
14,71,2,1,146,558637,20.0,133
10,70,3,3,78,475826,25.0,1330
23,119,3,2,64,597844,20.0,1331
19,137,2,2,60,1023538,12.0,1332
27,109,3,2,138,579667,20.0,1333
18,131,2,3,67,1183128,5.0,1334
22,67,2,2,92,1012610,11.0,1335
26,101,2,3,59,1040121,12.0,1336
17,52,2,2,149,760611,16.0,1337
13,147,2,2,88,1302075,9.0,1338
22,142,2,3,122,1630144,7.0,1339
14,92,3,3,53,983117,13.0,134
13,135,3,2,143,443306,25.0,1340
11,62,1,2,124,541658,2.0,1341
13,95,1,3,149,830432,14.0,1342
24,64,2,2,128,596072,20.0,1343
30,128,2,3,108,605903,19.0,1344
15,107,2,2,58,862819,2.0,1345
14,85,2,1,130,11759,3.0,1346
13,61,3,3,145,802971,15.0,1347
25,100,2,3,50,1381299,8.0,1348
27,107,2,2,148,731278,16.0,1349
21,71,1,2,118,-138147,6.0,135
12,103,2,2,74,1065382,3.0,1350
19,63,1,1,110,682334,15.0,1351
29,140,1,3,148,408922,26.0,1352
27,62,2,3,72,615880,20.0,1353
11,146,1,2,149,997745,11.0,1354
21,118,2,1,121,604813,18.0,1355
22,114,2,2,118,1249796,9.0,1356
11,106,1,2,129,558147,2.0,1357
22,63,2,1,57,565436,21.0,1358
21,106,3,3,142,859288,14.0,1359
22,129,2,3,55,477219,25.0,136
29,105,2,2,71,518769,23.0,1360
17,143,1,1,90,-345543,3.0,1361
24,134,2,3,109,543378,21.0,1362
15,109,2,2,131,917168,4.0,1363
23,130,2,3,127,1166863,10.0,1364
27,100,1,3,118,552603,21.0,1365
17,83,3,1,60,852663,13.0,1366
26,54,3,2,87,463609,26.0,1367
23,60,2,2,138,661847,18.0,1368
20,63,1,2,122,-73965,7.0,1369
21,51,1,3,141,398950,28.0,137
11,58,2,3,59,540644,23.0,1370
23,77,3,3,136,1006702,12.0,1371
10,99,2,3,131,1440944,8.0,1372
29,136,1,1,112,-1188306,6.0,1373
24,140,2,2,109,804570,15.0,1374
14,64,2,2,116,985177,12.0,1375
23,150,2,2,60,431452,2.0,1376
28,86,3,2,131,1055521,7.0,1377
26,94,3,2,149,697249,17.0,1378
23,140,2,2,132,1149439,10.0,1379
15,87,2,3,96,399150,29.0,138
27,137,1,2,95,-79913,8.0,1380
19,101,2,2,58,1400499,8.0,1381
19,126,2,2,67,828388,15.0,1382
24,113,2,3,97,1098484,11.0,1383
22,52,3,1,111,501553,23.0,1384
18,50,2,3,72,486856,25.0,1385
23,118,2,2,72,599955,20.0,1386
12,129,1,2,130,569902,20.0,1387
19,124,1,2,106,597591,19.0,1388
19,125,2,3,127,376118,29.0,1389
15,92,1,2,75,411955,28.0,139
29,124,2,2,77,486157,24.0,1390
30,99,2,2,134,523476,22.0,1391
20,115,3,2,95,1183064,10.0,1392
10,93,2,2,113,612732,19.0,1393
14,54,2,3,108,649325,7.0,1394
16,132,2,2,67,912529,3.0,1395
26,74,2,1,53,-748182,9.0,1396
22,111,3,3,66,1615341,7.0,1397
12,124,2,2,137,608015,19.0,1398
15,104,2,2,97,764925,16.0,1399
18,104,3,2,71,741772,3.0,14
15,123,2,2,128,497728,23.0,140
28,56,2,3,148,560967,21.0,1400
18,144,3,2,112,934788,13.0,1401
19,58,2,2,141,591659,20.0,1402
28,95,2,3,119,420413,27.0,1403
27,142,2,3,115,454203,25.0,1404
15,111,2,2,119,914608,2.0,1405
24,107,1,2,107,460456,25.0,1406
27,69,3,2,132,661751,18.0,1407
27,92,1,1,90,665863,16.0,1408
15,125,3,2,127,1151503,10.0,1409
11,99,1,2,79,593925,2.0,141
27,54,2,2,135,157108,7.0,1410
29,75,3,1,150,-1022538,6.0,1411
22,130,2,2,147,1071460,11.0,1412
13,102,3,1,89,416023,27.0,1413
12,66,2,3,56,836567,15.0,1414
27,136,1,2,149,500830,22.0,1415
27,125,1,2,81,584209,20.0,1416
23,72,1,2,97,618755,19.0,1417
14,69,2,3,62,688080,18.0,1418
12,52,2,2,113,400623,29.0,1419
23,120,1,2,116,399559,28.0,142
19,57,2,3,150,1157667,8.0,1420
11,55,2,1,141,243678,5.0,1421
28,106,3,1,144,-856702,9.0,1422
14,120,1,3,116,965687,12.0,1423
20,111,1,1,65,-444641,11.0,1424
16,118,2,2,71,492352,24.0,1425
12,144,2,2,81,1234451,5.0,1426
24,103,2,2,133,687080,17.0,1427
27,129,1,3,54,1224024,9.0,1428
28,125,2,2,74,74825,4.0,1429
17,133,1,1,94,648621,14.0,143
17,64,3,1,54,-173767,7.0,1430
16,55,3,2,102,658235,8.0,1431
14,63,2,1,56,46973,8.0,1432
22,66,3,2,133,697567,17.0,1433
29,149,1,3,139,533865,21.0,1434
29,149,3,2,104,1651907,7.0,1435
26,148,2,2,140,920342,13.0,1436
21,99,2,2,80,382921,30.0,1437
28,138,1,2,85,-572420,6.0,1438
30,74,2,3,53,841763,15.0,1439
10,141,1,3,148,798170,7.0,144
13,105,3,3,110,817618,15.0,1440
10,137,3,2,79,527521,22.0,1441
17,121,1,2,50,567688,21.0,1442
28,76,1,3,117,-470946,4.0,1443
12,89,2,3,107,616892,19.0,1444
11,51,3,2,61,774184,16.0,1445
30,50,3,3,134,385669,29.0,1446
10,51,3,2,119,572703,21.0,1447
28,67,2,2,131,594125,20.0,1448
24,126,1,2,90,646372,18.0,1449
17,114,1,2,69,488595,24.0,145
14,55,3,1,133,628608,18.0,1450
28,112,1,3,136,778153,15.0,1451
11,149,2,1,125,392681,27.0,1452
29,129,2,2,73,2913,3.0,1453
19,95,3,2,84,465742,25.0,1454
16,107,1,3,58,1001572,12.0,1455
27,72,2,2,96,-151515,1.0,1456
27,139,1,1,125,538271,19.0,1457
17,83,1,1,141,-96934,12.0,1458
19,144,3,3,64,1119496,11.0,1459
19,113,2,1,109,-323994,2.0,146
10,50,1,3,68,553058,2.0,1460
17,51,1,1,99,-319392,9.0,1461
20,100,3,2,93,560599,21.0,1462
27,66,3,3,68,554633,22.0,1463
23,131,2,3,141,1787859,6.0,1464
23,148,3,2,115,1295981,9.0,1465
12,71,2,2,93,721917,17.0,1466
20,73,3,3,74,992332,12.0,1467
17,149,1,3,113,308427,2.0,1468
30,121,2,3,57,571925,21.0,1469
22,83,2,2,76,1163840,9.0,147
19,88,3,1,72,438228,26.0,1470
27,144,2,2,124,1063342,11.0,1471
28,130,3,2,128,1156947,10.0,1472
20,87,2,2,146,390913,28.0,1473
29,120,2,2,145,1148342,10.0,1474
27,135,3,2,142,326307,1.0,1475
26,99,1,3,85,-303514,1.0,1476
20,109,1,1,104,-548627,7.0,1477
18,61,2,1,71,532046,22.0,1478
20,119,2,3,86,1643259,7.0,1479
22,105,3,2,137,430689,26.0,148
19,113,3,2,145,787021,15.0,1480
12,138,3,1,107,518602,21.0,1481
25,112,2,1,89,668426,17.0,1482
23,60,2,3,56,886828,13.0,1483
23,54,3,2,66,851046,14.0,1484
10,113,2,2,114,941282,13.0,1485
19,137,1,3,105,1173221,9.0,1486
18,62,2,1,88,776830,13.0,1487
30,103,2,2,66,478864,25.0,1488
24,114,3,3,57,499545,3.0,1489
21,135,2,2,140,1250428,9.0,149
24,81,1,2,73,-337229,2.0,1490
22,110,1,3,56,497310,24.0,1491
20,122,3,2,121,791527,3.0,1492
25,134,2,2,126,375282,29.0,1493
20,52,1,1,112,-541426,5.0,1494
17,77,3,3,87,884753,14.0,1495
12,89,2,1,94,407712,28.0,1496
12,144,2,2,84,1218474,1.0,1497
23,107,2,3,74,892217,14.0,1498
17,116,3,1,73,-145866,7.0,1499
17,93,2,2,145,994913,12.0,15
25,140,3,1,77,796984,14.0,150
22,117,2,2,101,655236,18.0,1500
28,92,2,3,79,76619,5.0,1501
12,111,3,1,122,171212,9.0,1502
29,75,1,3,107,552085,21.0,1503
18,123,3,2,149,1230989,9.0,1504
17,88,2,3,130,1400238,8.0,1505
26,56,1,2,99,-530650,3.0,1506
13,59,1,2,52,585777,21.0,1507
21,130,2,2,97,1165751,6.0,1508
13,62,1,3,73,466358,4.0,1509
15,109,2,2,100,1089171,11.0,151
19,91,1,3,60,181986,2.0,1510
15,131,2,2,91,583966,20.0,1511
24,91,2,3,59,252028,6.0,1512
13,144,2,1,100,107232,4.0,1513
23,124,2,1,104,809438,13.0,1514
19,145,2,2,87,398923,28.0,1515
30,135,2,3,98,1194775,10.0,1516
11,86,1,1,120,519031,21.0,1517
26,65,1,2,66,483631,25.0,1518
19,62,2,3,56,439043,28.0,1519
26,86,1,3,74,413266,28.0,152
20,62,1,3,94,845206,14.0,1520
25,140,1,2,86,732588,16.0,1521
11,92,3,2,102,470485,25.0,1522
17,115,2,3,147,546452,21.0,1523
17,56,1,2,80,82204,7.0,1524
13,139,1,1,86,-21475,11.0,1525
14,96,1,1,116,37016,12.0,1526
11,58,2,1,112,244372,7.0,1527
29,77,3,1,73,556614,21.0,1528
16,64,2,2,88,515537,23.0,1529
18,130,1,1,123,605964,17.0,153
13,82,1,2,60,867502,14.0,1530
20,112,2,2,107,758251,16.0,1531
25,73,1,3,136,612121,19.0,1532
22,139,1,2,135,617941,18.0,1533
18,89,2,1,119,469769,24.0,1534
12,63,2,1,95,464747,25.0,1535
16,140,2,2,87,399281,28.0,1536
17,82,3,1,96,487580,23.0,1537
29,134,1,2,140,482949,23.0,1538
17,66,3,2,137,1063675,11.0,1539
12,106,2,3,103,819908,15.0,154
13,58,3,1,111,824770,12.0,1540
25,129,2,3,112,479136,24.0,1541
23,150,2,1,118,783565,11.0,1542
25,108,2,2,148,645916,18.0,1543
12,109,2,1,91,183499,4.0,1544
16,128,3,1,117,-129418,3.0,1545
28,58,1,3,86,630632,19.0,1546
21,83,1,3,93,1061066,9.0,1547
30,85,3,1,147,544441,10.0,1548
11,122,1,1,124,608271,17.0,1549
23,92,3,1,137,460514,24.0,155
13,125,2,3,89,1666603,7.0,1550
15,120,1,2,109,636178,18.0,1551
28,106,2,2,65,418406,28.0,1552
26,128,1,2,86,-460473,4.0,1553
26,139,2,2,131,576193,20.0,1554
27,67,1,2,139,-585067,2.0,1555
29,69,2,1,92,572983,20.0,1556
19,77,2,2,147,534030,5.0,1557
23,57,2,3,50,-293755,3.0,1558
18,114,3,2,83,865144,2.0,1559
26,133,3,1,95,-819516,4.0,156
28,83,2,3,117,549480,6.0,1560
26,54,3,3,67,558067,22.0,1561
28,93,3,2,111,1137729,10.0,1562
18,134,3,2,123,953364,4.0,1563
28,131,1,2,64,855799,14.0,1564
16,85,3,2,58,728518,7.0,1565
25,133,1,1,85,512103,13.0,1566
25,109,3,2,118,942885,13.0,1567
27,98,2,2,89,1162861,10.0,1568
20,114,1,2,125,-67590,5.0,1569
18,141,2,3,61,1658774,6.0,157
29,76,3,3,65,464676,26.0,1570
13,121,2,3,58,971380,13.0,1571
29,125,2,2,130,580344,20.0,1572
30,87,3,3,120,1142416,10.0,1573
16,82,2,3,112,657660,18.0,1574
29,87,3,2,84,537209,22.0,1575
16,110,3,1,141,495454,22.0,1576
20,59,1,2,112,754247,16.0,1577
13,72,2,3,95,946143,4.0,1578
12,138,2,2,60,429023,27.0,1579
26,103,2,1,81,491471,23.0,158
29,76,2,2,102,665503,18.0,1580
12,95,1,1,133,5426,4.0,1581
23,116,2,1,148,607459,18.0,1582
22,129,2,2,84,1184105,10.0,1583
20,74,3,1,73,645575,18.0,1584
22,84,1,2,94,849595,14.0,1585
15,124,2,3,88,950817,13.0,1586
16,133,3,2,133,632107,18.0,1587
24,83,2,2,122,202333,5.0,1588
25,84,2,1,126,785435,14.0,1589
26,87,2,2,93,420107,28.0,159
21,71,2,2,87,464969,7.0,1590
21,94,2,1,82,634425,18.0,1591
21,86,2,2,58,789290,16.0,1592
21,79,2,3,146,1078093,11.0,1593
20,136,3,1,114,821693,13.0,1594
22,150,1,3,70,608979,19.0,1595
26,122,3,2,120,380808,29.0,1596
21,79,2,3,137,589320,20.0,1597
16,131,2,1,104,445895,25.0,1598
24,94,1,2,84,460739,25.0,1599
26,60,2,2,86,577131,21.0,16
26,141,3,3,66,1343541,9.0,160
21,144,3,1,96,411538,26.0,1600
10,140,3,2,121,374798,29.0,1601
29,64,3,2,68,486840,25.0,1602
29,122,3,2,101,463189,25.0,1603
18,148,1,2,78,427812,26.0,1604
30,146,1,2,85,1070952,10.0,1605
12,113,2,1,113,173138,6.0,1606
21,135,3,2,128,736565,2.0,1607
11,133,2,1,84,371692,29.0,1608
30,102,3,1,143,817605,13.0,1609
19,76,2,3,127,1060689,7.0,161
17,103,3,2,57,526181,23.0,1610
28,129,3,2,116,804008,15.0,1611
15,137,3,2,94,1002198,12.0,1612
18,120,1,1,123,609922,17.0,1613
28,112,2,3,53,576563,21.0,1614
18,95,2,2,139,522311,22.0,1615
26,118,1,2,105,-483037,5.0,1616
26,113,2,2,143,448009,25.0,1617
25,133,3,1,80,-737149,1.0,1618
12,62,1,2,56,766556,16.0,1619
14,88,3,1,81,712150,16.0,162
17,62,1,1,148,-310676,10.0,1620
28,55,1,1,107,546196,20.0,1621
18,129,1,1,87,393664,27.0,1622
26,141,2,1,83,-790808,5.0,1623
27,78,2,1,91,-857034,6.0,1624
16,104,2,1,123,-119662,2.0,1625
22,79,3,1,60,584335,20.0,1626
14,123,2,2,124,862945,14.0,1627
25,148,2,1,105,369076,29.0,1628
24,124,1,1,105,585132,18.0,1629
17,62,2,2,126,725157,7.0,163
22,67,2,2,144,743349,16.0,1630
25,147,2,1,143,-776419,3.0,1631
18,122,3,2,123,522485,22.0,1632
27,66,3,1,90,393852,29.0,1633
24,113,3,2,108,528515,22.0,1634
19,60,1,3,134,113604,4.0,1635
13,89,1,1,55,687880,14.0,1636
23,110,3,2,54,404418,29.0,1637
20,116,3,3,100,1451254,8.0,1638
15,60,2,1,126,515382,22.0,1639
14,89,1,2,83,660424,18.0,164
15,117,2,2,123,865010,14.0,1640
19,85,3,1,67,684848,17.0,1641
12,123,2,1,122,414789,10.0,1642
27,123,2,2,90,619507,19.0,1643
23,78,1,1,101,-411306,12.0,1644
15,58,3,2,93,545160,3.0,1645
23,55,2,2,143,506049,23.0,1646
28,128,2,1,150,816780,12.0,1647
23,103,3,3,125,414362,27.0,1648
23,80,3,3,64,681784,18.0,1649
10,113,2,1,64,351003,3.0,165
16,97,2,2,80,775567,6.0,1650
25,147,2,2,98,928156,13.0,1651
18,85,2,3,115,1334428,8.0,1652
25,51,1,2,81,792564,15.0,1653
11,103,2,2,148,1361252,8.0,1654
24,79,2,2,95,595786,20.0,1655
26,126,2,1,106,547542,20.0,1656
13,87,2,2,99,984985,6.0,1657
20,121,2,3,137,517106,22.0,1658
17,84,3,2,58,390135,30.0,1659
15,125,3,3,79,1487662,4.0,166
17,143,2,2,128,1513624,7.0,1660
20,105,1,2,145,635718,18.0,1661
16,139,2,1,114,-114424,3.0,1662
17,66,2,2,141,1070618,11.0,1663
25,77,1,3,106,579464,20.0,1664
22,100,2,1,125,423100,26.0,1665
20,63,3,2,75,122076,6.0,1666
23,145,1,2,58,423882,27.0,1667
22,80,2,3,139,1217514,9.0,1668
14,97,3,2,74,636062,19.0,1669
27,60,3,2,141,561371,21.0,167
26,74,1,3,131,613619,19.0,1670
25,83,1,1,73,-827921,11.0,1671
12,54,2,3,95,877094,14.0,1672
20,87,1,2,69,957913,12.0,1673
28,85,2,3,81,449998,26.0,1674
24,89,2,2,63,528417,23.0,1675
22,112,2,2,55,1213511,10.0,1676
23,137,2,2,78,438028,26.0,1677
28,71,3,2,60,646433,19.0,1678
30,55,3,2,118,517171,23.0,1679
23,127,2,2,62,628749,19.0,168
24,131,2,2,62,1207370,10.0,1680
29,120,1,2,76,385874,29.0,1681
16,61,1,2,131,986333,11.0,1682
22,142,1,2,125,-220484,1.0,1683
24,134,2,1,60,436598,26.0,1684
22,120,2,2,99,519478,22.0,1685
26,65,2,3,87,925651,13.0,1686
29,82,2,2,81,1142639,9.0,1687
17,142,3,3,112,539278,21.0,1688
11,142,1,3,136,440649,25.0,1689
14,77,2,2,61,1052812,9.0,169
21,70,2,2,104,277449,5.0,1690
15,128,1,3,100,474074,4.0,1691
17,141,1,2,54,190189,1.0,1692
13,99,3,3,87,564977,21.0,1693
28,149,1,1,123,494003,13.0,1694
11,62,3,1,147,621480,18.0,1695
20,97,2,1,140,655839,17.0,1696
23,103,3,1,106,664061,17.0,1697
29,58,1,1,101,549181,20.0,1698
24,116,2,2,51,461147,26.0,1699
13,115,2,1,128,480256,23.0,17
21,98,3,1,108,-438619,9.0,170
20,119,2,2,123,998853,12.0,1700
10,76,3,2,141,617983,19.0,1701
18,128,2,2,88,1096868,11.0,1702
14,105,3,3,88,625762,19.0,1703
17,135,3,2,53,828008,15.0,1704
22,114,2,2,100,1088770,11.0,1705
20,70,2,3,98,463930,5.0,1706
23,142,1,3,129,442877,25.0,1707
10,88,3,1,131,620138,18.0,1708
23,71,2,1,80,480417,24.0,1709
15,134,2,3,62,1029257,12.0,171
15,57,2,3,102,835395,15.0,1710
23,73,2,2,63,788405,16.0,1711
17,137,1,2,146,816512,14.0,1712
19,135,2,3,50,898297,14.0,1713
28,98,2,2,124,-6479,5.0,1714
29,78,1,2,104,611648,19.0,1715
28,117,2,2,92,478327,24.0,1716
21,97,2,1,66,-427797,2.0,1717
25,74,1,2,109,609264,19.0,1718
22,143,1,3,127,583053,19.0,1719
18,91,2,2,66,539406,6.0,172
14,51,2,2,104,517225,4.0,1720
26,121,2,2,130,475957,24.0,1721
28,51,1,1,86,666653,15.0,1722
21,70,1,1,148,-596363,9.0,1723
28,79,1,2,63,819717,15.0,1724
14,110,3,2,137,1203410,2.0,1725
13,96,2,2,70,546576,22.0,1726
15,106,1,2,110,570062,20.0,1727
25,88,3,2,129,619059,19.0,1728
22,59,2,3,81,457681,26.0,1729
12,80,3,3,71,981956,3.0,173
11,66,2,1,51,271439,6.0,1730
23,79,2,1,113,433580,26.0,1731
24,125,1,2,134,946529,12.0,1732
17,83,1,3,63,934059,13.0,1733
20,108,1,3,110,103083,4.0,1734
23,53,1,2,77,606712,20.0,1735
27,55,3,1,71,650949,18.0,1736
13,61,1,2,60,359143,4.0,1737
20,134,1,3,71,1059591,11.0,1738
16,135,1,2,108,211469,2.0,1739
24,54,2,2,115,432528,27.0,174
22,98,3,2,150,787385,15.0,1740
24,69,2,2,83,440404,27.0,1741
20,146,2,3,76,383372,29.0,1742
16,127,2,1,69,453657,25.0,1743
20,140,3,3,55,1049325,2.0,1744
11,83,1,1,91,84884,2.0,1745
29,92,3,1,126,-1001057,8.0,1746
16,96,2,2,103,818111,3.0,1747
27,118,1,1,72,441971,25.0,1748
21,115,2,3,89,1470294,8.0,1749
18,81,3,2,150,613163,19.0,175
17,51,1,2,132,917060,13.0,1750
28,105,2,3,80,410255,28.0,1751
23,142,2,2,113,455117,25.0,1752
29,134,2,3,54,432697,27.0,1753
15,111,3,2,127,1399689,8.0,1754
12,121,3,3,128,865617,14.0,1755
21,80,2,1,117,-113518,10.0,1756
14,91,1,3,136,426474,26.0,1757
20,83,2,3,70,525296,23.0,1758
26,72,3,1,78,766563,15.0,1759
23,101,1,1,67,-742164,6.0,176
16,90,2,1,145,722064,15.0,1760
23,95,1,3,146,418760,26.0,1761
13,80,2,2,121,958695,6.0,1762
30,94,1,2,148,826189,14.0,1763
28,69,2,2,138,-183210,3.0,1764
26,148,2,1,122,493633,22.0,1765
14,104,3,2,88,414981,28.0,1766
18,122,1,2,126,74667,6.0,1767
30,51,2,1,84,556238,21.0,1768
19,52,1,3,54,-150990,4.0,1769
10,139,3,2,82,1669570,7.0,177
20,124,2,2,139,576171,2.0,1770
30,55,2,1,85,721379,12.0,1771
25,78,2,2,124,387394,29.0,1772
30,66,3,3,111,953894,13.0,1773
18,128,1,3,147,222099,3.0,1774
13,114,1,3,74,437515,26.0,1775
21,121,2,2,80,388385,29.0,1776
23,121,2,1,73,-574690,4.0,1777
22,91,3,2,53,211202,1.0,1778
14,136,3,2,82,1190471,10.0,1779
15,76,1,2,58,275913,6.0,178
11,98,2,2,77,1385660,8.0,1780
26,106,3,2,57,437905,27.0,1781
17,89,2,3,104,824732,15.0,1782
22,131,2,1,68,-495024,5.0,1783
15,82,2,2,129,750580,16.0,1784
20,99,2,2,77,394983,29.0,1785
20,84,3,2,113,1001237,7.0,1786
14,99,3,2,146,1073087,11.0,1787
25,102,2,2,71,605526,20.0,1788
10,97,2,1,82,411886,27.0,1789
17,134,2,2,128,738293,16.0,179
15,99,1,2,81,590217,20.0,1790
27,106,1,3,80,436705,26.0,1791
20,121,2,2,91,1537408,7.0,1792
15,86,1,2,70,310738,8.0,1793
16,69,3,2,61,440158,5.0,1794
18,57,1,1,64,-395243,2.0,1795
10,68,2,1,54,799542,12.0,1796
16,101,2,3,133,456353,25.0,1797
14,113,2,2,66,981008,1.0,1798
18,118,2,3,75,422063,27.0,1799
28,122,2,1,52,-840201,8.0,18
25,131,3,2,131,466687,5.0,180
13,87,2,2,139,1278325,7.0,1800
16,144,2,3,106,542150,21.0,1801
27,125,2,2,140,97597,5.0,1802
19,81,2,1,106,-45902,10.0,1803
18,102,1,1,107,440752,25.0,1804
11,118,2,3,139,1434970,8.0,1805
12,98,2,2,54,900301,14.0,1806
25,75,3,1,107,368607,30.0,1807
23,135,2,1,77,-581680,3.0,1808
21,77,2,3,67,1078581,9.0,1809
19,147,2,2,54,724511,4.0,181
15,104,1,2,148,597925,19.0,1810
20,105,2,2,62,603094,20.0,1811
20,138,1,2,103,-65303,3.0,1812
17,74,1,1,136,511726,13.0,1813
11,107,1,2,149,713025,16.0,1814
19,99,2,1,92,405945,28.0,1815
17,79,1,1,119,496903,22.0,1816
17,126,1,3,124,315987,6.0,1817
29,114,2,3,74,570961,21.0,1818
20,63,2,2,57,418554,29.0,1819
11,117,3,2,124,804078,15.0,182
22,146,1,2,103,1065873,10.0,1820
20,59,1,1,122,394874,28.0,1821
13,61,1,1,52,667680,16.0,1822
30,54,2,1,129,570227,20.0,1823
12,72,1,3,128,967759,12.0,1824
17,76,2,2,129,660736,18.0,1825
24,144,2,1,89,659621,17.0,1826
23,101,3,1,105,412541,27.0,1827
17,114,2,2,111,942427,13.0,1828
28,145,1,2,92,365292,30.0,1829
15,101,2,2,149,926637,13.0,183
28,60,2,2,146,481060,24.0,1830
20,120,2,2,138,580342,3.0,1831
17,81,1,2,122,417696,27.0,1832
13,82,3,2,112,1065415,4.0,1833
11,149,2,2,72,1300402,3.0,1834
26,67,2,2,69,-274493,5.0,1835
28,59,2,3,87,593012,9.0,1836
13,113,1,1,123,382419,28.0,1837
12,134,3,2,100,1306572,9.0,1838
15,56,2,2,109,874226,9.0,1839
16,139,1,2,135,207344,6.0,184
29,118,2,1,54,-974916,4.0,1840
29,130,3,3,92,495193,23.0,1841
21,131,3,2,123,597413,19.0,1842
25,100,2,3,78,366783,3.0,1843
19,63,2,1,149,619755,18.0,1844
15,51,3,1,92,685768,17.0,1845
29,60,1,1,142,516780,21.0,1846
11,86,3,3,125,506244,23.0,1847
22,108,3,2,144,548601,21.0,1848
19,104,1,2,142,542482,21.0,1849
27,95,2,2,126,382665,29.0,185
28,76,2,1,104,370247,30.0,1850
13,66,2,2,81,455652,26.0,1851
20,92,2,2,61,969507,13.0,1852
24,56,2,3,130,819403,15.0,1853
29,63,2,2,145,396423,28.0,1854
11,86,1,1,142,466108,23.0,1855
14,131,3,1,127,497163,22.0,1856
20,107,1,3,143,1084616,10.0,1857
13,68,2,2,98,808741,4.0,1858
25,143,1,2,66,1037829,11.0,1859
26,82,2,3,107,1071599,11.0,186
19,66,1,1,55,678566,16.0,1860
23,130,2,3,58,569541,21.0,1861
26,127,1,1,150,-990682,5.0,1862
21,120,2,2,135,579287,20.0,1863
15,146,2,3,117,936016,13.0,1864
13,144,3,2,136,1150717,10.0,1865
16,60,2,1,114,-103897,7.0,1866
16,93,2,3,141,1004723,12.0,1867
25,56,2,3,109,377841,8.0,1868
10,141,1,3,124,539445,21.0,1869
25,75,3,3,140,1075254,11.0,187
14,116,2,1,53,685066,17.0,1870
24,79,3,1,109,415577,27.0,1871
13,105,1,3,115,1133254,9.0,1872
28,58,1,3,110,966401,11.0,1873
26,61,2,2,114,1015771,11.0,1874
12,107,1,2,75,804465,15.0,1875
16,97,3,2,86,1082822,6.0,1876
17,110,1,3,132,1117357,9.0,1877
19,74,1,3,93,430607,27.0,1878
22,54,3,1,133,395085,28.0,1879
18,67,3,2,54,737127,17.0,188
16,144,3,2,95,609549,19.0,1880
12,147,2,1,136,668907,16.0,1881
25,88,2,2,110,990351,12.0,1882
28,80,1,1,109,424022,26.0,1883
29,110,3,2,98,499408,23.0,1884
17,85,3,1,96,486611,23.0,1885
12,82,2,2,114,426102,27.0,1886
23,116,3,2,125,639208,18.0,1887
16,145,1,3,88,446720,25.0,1888
18,146,2,2,63,789643,2.0,1889
27,115,2,2,94,82167,2.0,189
18,57,3,2,104,669536,18.0,1890
22,131,1,2,128,468232,24.0,1891
20,85,2,3,67,551295,22.0,1892
14,86,2,2,64,584966,21.0,1893
16,61,2,2,98,631563,19.0,1894
13,107,2,2,126,866220,14.0,1895
14,127,2,2,116,522909,22.0,1896
30,67,2,2,115,823522,15.0,1897
24,119,1,2,71,621101,19.0,1898
12,107,1,1,136,647248,14.0,1899
18,100,3,2,134,1379860,8.0,19
18,148,2,3,106,1259067,4.0,190
19,64,3,2,96,830271,15.0,1900
25,75,1,2,111,912056,13.0,1901
10,79,1,2,102,1034021,10.0,1902
26,89,2,1,73,-768553,8.0,1903
12,56,3,2,129,971158,7.0,1904
20,112,2,1,95,442886,25.0,1905
19,116,3,2,83,505267,23.0,1906
11,122,2,2,102,370703,30.0,1907
19,74,3,1,104,405774,28.0,1908
11,96,3,3,75,1026939,12.0,1909
28,50,2,2,52,683706,18.0,191
15,105,2,1,109,-38638,4.0,1910
28,136,1,3,127,1081922,10.0,1911
11,103,1,3,59,1110184,8.0,1912
13,93,1,2,97,520023,22.0,1913
23,52,1,2,102,538911,22.0,1914
11,146,2,2,56,533617,22.0,1915
21,143,3,2,82,400124,28.0,1916
12,94,3,2,131,1435604,6.0,1917
14,93,2,2,69,609896,20.0,1918
30,128,2,2,64,829342,15.0,1919
20,107,1,1,73,-540796,2.0,192
23,88,3,3,105,413122,28.0,1920
18,96,2,2,122,871715,14.0,1921
19,100,3,2,123,809818,15.0,1922
15,92,2,1,66,410277,28.0,1923
25,75,1,2,87,625530,19.0,1924
22,92,2,2,59,1122928,11.0,1925
21,123,1,3,85,1052664,11.0,1926
24,106,1,2,147,-372697,3.0,1927
18,55,2,2,74,160934,5.0,1928
17,127,2,1,126,439569,25.0,1929
23,148,3,2,134,400006,27.0,193
25,84,1,2,133,551398,21.0,1930
24,132,1,1,69,-765293,10.0,1931
27,82,2,2,68,385503,30.0,1932
13,55,2,2,139,402936,28.0,1933
20,122,1,2,79,525183,22.0,1934
21,53,2,3,109,668662,18.0,1935
12,57,2,2,51,731718,17.0,1936
23,144,3,2,85,654865,1.0,1937
15,73,2,3,144,525335,22.0,1938
28,81,2,2,61,734701,17.0,1939
18,57,2,2,90,574618,21.0,194
13,62,1,2,69,769295,16.0,1940
26,91,1,1,81,-965963,1.0,1941
14,134,1,3,68,572878,2.0,1942
19,117,3,1,74,-283912,7.0,1943
27,132,3,1,57,-812174,7.0,1944
20,133,1,1,84,-519226,9.0,1945
23,84,2,2,114,447933,26.0,1946
18,111,3,3,110,1272822,4.0,1947
21,88,1,2,109,797903,15.0,1948
17,99,3,2,104,940869,13.0,1949
29,57,1,1,146,-1158220,7.0,195
14,88,1,1,57,699222,15.0,1950
29,150,2,1,69,-1002013,2.0,1951
11,53,1,1,70,624026,18.0,1952
19,120,2,2,59,1540756,7.0,1953
21,115,1,2,89,612037,19.0,1954
16,95,2,1,110,662432,17.0,1955
14,148,2,1,53,710092,16.0,1956
12,66,3,1,92,175208,9.0,1957
27,86,2,3,128,309101,4.0,1958
29,75,3,2,116,1094943,10.0,1959
19,54,3,2,146,378426,29.0,196
14,88,1,3,122,479765,24.0,1960
22,72,3,2,81,439619,27.0,1961
21,88,2,2,117,1215955,9.0,1962
21,108,1,3,75,72315,6.0,1963
27,87,3,1,81,-877888,4.0,1964
28,86,2,1,128,-261458,10.0,1965
22,110,3,3,55,1231014,10.0,1966
18,69,2,2,147,478198,24.0,1967
11,140,2,2,141,422718,26.0,1968
18,83,2,1,65,469919,25.0,1969
29,144,2,2,141,845631,14.0,197
30,84,2,3,91,631761,19.0,1970
25,112,3,1,69,810415,14.0,1971
27,143,2,2,146,981665,12.0,1972
17,69,2,3,85,782144,16.0,1973
14,67,2,2,51,955861,12.0,1974
12,69,3,2,86,1125255,10.0,1975
27,111,1,2,60,564289,21.0,1976
22,70,2,3,82,608818,20.0,1977
25,138,2,2,89,389152,29.0,1978
29,133,1,1,136,440394,24.0,1979
30,86,1,2,78,510806,23.0,198
29,107,1,2,107,387527,29.0,1980
16,138,2,2,115,1070389,11.0,1981
14,129,2,1,73,846548,12.0,1982
10,62,1,3,59,641990,4.0,1983
26,119,2,2,57,602282,20.0,1984
11,85,2,1,53,588113,20.0,1985
14,79,2,2,95,842284,5.0,1986
27,79,2,1,62,563535,21.0,1987
29,71,3,1,134,-1016962,7.0,1988
13,146,2,2,137,1398081,8.0,1989
18,91,3,2,50,484856,25.0,199
17,91,3,1,111,539533,21.0,1990
19,104,2,2,149,603721,1.0,1991
12,123,2,2,87,1187134,3.0,1992
27,67,1,2,91,433456,27.0,1993
24,143,1,2,134,-355083,5.0,1994
11,89,2,1,116,745679,15.0,1995
14,141,2,2,122,408237,27.0,1996
27,126,2,3,120,529357,4.0,1997
26,113,1,1,64,531891,21.0,1998
16,78,2,3,120,763128,16.0,1999
27,77,2,2,113,492607,24.0,2
18,128,2,1,105,473552,23.0,20
15,127,2,2,117,457777,25.0,200
29,97,3,1,91,436470,26.0,2000
20,91,2,2,118,520816,5.0,201
21,53,3,2,51,444114,28.0,202
13,115,2,2,72,492521,24.0,203
18,70,2,2,85,474062,25.0,204
17,108,3,2,70,1112431,11.0,205
13,90,3,3,132,748150,16.0,206
18,55,3,2,114,432023,27.0,207
12,93,3,1,109,171691,9.0,208
23,70,3,2,89,491978,24.0,209
20,87,2,3,99,720424,3.0,21
18,66,1,2,61,724333,17.0,210
17,109,2,3,119,697603,17.0,211
11,81,2,3,119,1357752,3.0,212
23,87,1,2,79,-238701,8.0,213
13,73,2,2,132,363247,30.0,214
29,90,2,2,142,497870,23.0,215
18,149,2,1,77,401726,27.0,216
17,118,2,2,77,1454861,8.0,217
26,85,3,2,52,491204,25.0,218
19,74,2,2,54,690684,18.0,219
23,53,2,1,129,659390,17.0,22
24,74,3,2,123,236146,4.0,220
15,136,2,2,127,681702,17.0,221
26,93,3,1,89,-821626,3.0,222
26,90,2,2,67,611451,20.0,223
22,133,1,2,85,962569,12.0,224
30,64,3,2,122,1052458,11.0,225
24,58,3,3,109,1068962,10.0,226
25,135,2,2,85,707582,17.0,227
19,83,3,1,140,461009,24.0,228
29,51,1,2,66,835329,13.0,229
19,112,2,1,70,518692,22.0,23
10,113,3,2,110,756688,16.0,230
10,99,1,2,150,714484,16.0,231
26,85,2,2,135,526494,22.0,232
13,80,3,3,93,830620,15.0,233
16,93,1,3,57,397901,3.0,234
14,128,2,2,102,651398,18.0,235
22,71,1,2,125,794126,15.0,236
18,123,2,2,75,407592,28.0,237
25,97,2,3,100,713007,17.0,238
18,69,3,1,104,419520,27.0,239
19,113,3,2,89,711883,17.0,24
13,116,2,2,101,1276721,9.0,240
16,59,3,3,131,444821,26.0,241
25,63,3,2,90,603624,20.0,242
16,92,3,3,96,429900,27.0,243
30,133,2,1,91,528043,21.0,244
22,124,2,1,106,-528602,4.0,245
18,118,1,3,59,1074168,11.0,246
23,139,1,3,136,383953,28.0,247
14,61,2,2,124,762128,16.0,248
25,70,2,2,107,1089866,10.0,249
25,82,3,2,102,184386,2.0,25
22,75,2,2,70,952403,9.0,250
18,117,3,3,98,496909,23.0,251
25,122,3,2,85,393759,29.0,252
23,134,3,1,96,359805,30.0,253
27,139,3,3,101,489723,23.0,254
12,133,3,1,137,675287,16.0,255
18,132,3,2,103,545561,21.0,256
24,150,1,2,90,778661,15.0,257
10,81,1,2,67,654194,3.0,258
14,143,2,3,148,779744,15.0,259
13,94,2,2,112,508956,23.0,26
24,92,1,2,86,754813,16.0,260
27,141,3,2,62,827808,15.0,261
18,135,1,2,138,397764,27.0,262
13,56,2,2,143,708539,17.0,263
26,98,2,2,74,59645,6.0,264
24,144,1,2,90,-322224,3.0,265
16,66,2,1,51,-84381,2.0,266
25,98,3,3,148,549117,21.0,267
12,85,2,2,148,1154254,6.0,268
27,68,3,3,76,547946,22.0,269
24,91,2,1,96,753057,15.0,27
14,70,2,2,62,571189,4.0,270
24,130,2,1,113,389796,28.0,271
26,117,1,1,55,503960,22.0,272
11,65,2,2,94,723361,17.0,273
16,110,2,2,100,1001474,12.0,274
21,72,1,1,80,670848,14.0,275
15,115,3,1,55,12613,7.0,276
22,94,2,2,78,1018079,12.0,277
23,111,3,2,113,483575,24.0,278
19,103,1,2,140,12798,8.0,279
15,130,3,3,82,1565810,3.0,28
21,85,2,2,128,383498,29.0,280
11,78,2,2,95,991524,12.0,281
21,136,3,2,108,603375,19.0,282
24,80,1,1,111,537349,20.0,283
13,55,3,2,143,591402,20.0,284
30,138,1,2,127,-749881,7.0,285
26,53,1,3,148,497664,23.0,286
28,108,2,2,129,-4041,3.0,287
13,85,1,1,98,-29183,11.0,288
24,111,3,2,115,461920,25.0,289
19,114,1,2,57,511257,23.0,29
27,107,2,2,120,461441,25.0,290
16,108,2,1,76,668958,17.0,291
20,93,2,2,120,406799,28.0,292
10,131,2,3,68,1772982,6.0,293
15,64,2,1,117,476892,24.0,294
29,85,2,2,140,-136106,2.0,295
13,60,1,2,62,355199,1.0,296
19,115,1,2,73,804206,15.0,297
28,143,3,2,121,1443979,8.0,298
22,65,1,2,142,609756,19.0,299
10,62,3,2,101,499131,24.0,3
23,145,3,2,148,721841,5.0,30
10,143,3,1,108,303700,3.0,300
11,78,1,3,135,476438,24.0,301
13,108,1,3,103,1156460,9.0,302
20,92,2,2,117,531929,22.0,303
20,68,3,2,110,1105196,10.0,304
16,91,3,3,71,844181,2.0,305
27,127,1,2,112,-454655,8.0,306
16,90,3,2,132,954733,2.0,307
25,129,3,3,121,960515,4.0,308
26,140,2,2,96,753353,16.0,309
11,73,1,1,121,87909,7.0,31
13,139,3,3,143,1280603,9.0,310
14,70,1,3,69,450048,3.0,311
27,61,3,2,128,1108231,9.0,312
26,128,1,2,117,561384,20.0,313
17,128,3,3,144,676645,17.0,314
15,121,2,2,55,436059,27.0,315
10,56,3,1,77,304600,8.0,316
28,109,1,2,143,715723,16.0,317
13,127,2,3,148,419607,26.0,318
21,144,2,2,77,403161,28.0,319
24,59,3,1,76,691034,17.0,32
24,136,2,2,69,351666,1.0,320
23,67,2,1,62,694229,17.0,321
11,111,1,1,67,109719,10.0,322
24,113,2,1,103,468944,24.0,323
24,123,2,3,97,724427,4.0,324
17,108,3,2,130,411169,27.0,325
29,112,2,1,71,412900,27.0,326
24,65,3,1,57,731494,16.0,327
11,126,2,1,73,377198,29.0,328
23,125,3,1,66,717435,16.0,329
15,127,2,2,51,604531,20.0,33
28,106,2,3,112,815940,15.0,330
21,114,1,1,123,504709,13.0,331
28,144,3,1,95,870089,11.0,332
17,126,1,1,52,610618,18.0,333
10,117,3,1,80,467958,24.0,334
19,103,2,2,86,607140,4.0,335
13,137,1,1,119,-57578,9.0,336
12,108,2,2,84,531459,22.0,337
12,99,3,3,114,609562,19.0,338
21,59,1,1,62,504910,23.0,339
17,129,2,2,126,396542,28.0,34
13,119,2,1,141,92678,4.0,340
18,93,1,3,88,397181,29.0,341
14,55,2,1,68,36166,5.0,342
29,111,2,2,130,-70858,3.0,343
23,137,3,3,121,1155078,4.0,344
11,113,3,3,56,1364178,9.0,345
28,130,1,2,81,453633,25.0,346
11,92,2,2,57,1104608,7.0,347
25,146,2,3,79,401049,28.0,348
24,104,2,1,142,-673762,5.0,349
26,81,2,2,64,787322,16.0,35
26,106,2,1,65,503207,23.0,350
20,55,2,2,118,1020599,11.0,351
23,76,2,1,78,553320,21.0,352
29,129,2,2,133,352019,30.0,353
20,109,2,1,90,-377810,4.0,354
12,112,1,3,103,644676,18.0,355
11,99,1,2,80,397027,29.0,356
12,140,1,2,116,425666,26.0,357
25,126,2,3,58,1034916,12.0,358
12,104,1,2,122,549908,21.0,359
19,66,1,1,119,-459481,8.0,36
30,88,2,2,93,667860,18.0,360
19,59,1,2,69,669273,18.0,361
20,89,2,1,79,799170,14.0,362
10,67,2,2,65,815726,6.0,363
14,65,1,2,52,724227,17.0,364
23,54,3,2,66,444764,27.0,365
21,113,2,2,97,658005,18.0,366
28,61,3,3,114,1086233,10.0,367
15,106,2,3,101,820840,15.0,368
29,67,2,1,120,-1030685,2.0,369
25,82,2,3,53,1143490,10.0,37
19,60,1,2,63,390530,30.0,370
22,82,3,3,84,491270,24.0,371
17,143,1,2,97,158997,3.0,372
27,137,2,2,115,1279122,9.0,373
12,96,2,1,116,167792,3.0,374
23,132,2,2,131,1386121,8.0,375
21,127,1,1,111,486100,22.0,376
26,53,2,1,111,463247,25.0,377
20,59,2,3,61,36009,2.0,378
14,66,3,3,59,690026,18.0,379
28,67,1,1,126,402514,27.0,38
15,111,2,3,134,686046,17.0,380
25,119,1,1,106,-916207,3.0,381
11,82,2,2,91,489139,24.0,382
20,116,1,2,97,544710,21.0,383
25,103,3,2,134,862093,14.0,384
26,110,2,2,106,1167328,10.0,385
11,142,3,1,103,240427,6.0,386
12,116,1,1,104,4545,6.0,387
18,78,2,3,108,451727,26.0,388
28,116,2,2,73,768157,16.0,389
24,102,2,2,68,521575,23.0,39
10,84,2,3,83,449541,26.0,390
16,95,1,1,141,-249354,10.0,391
22,139,1,1,56,448237,25.0,392
21,107,2,1,133,774308,14.0,393
11,52,2,2,63,775464,16.0,394
16,76,2,1,105,670631,17.0,395
20,138,2,2,58,415888,28.0,396
21,98,2,2,120,871827,14.0,397
18,59,1,3,96,709374,9.0,398
29,108,2,2,143,1217733,9.0,399
15,141,3,3,59,1030774,12.0,4
22,126,3,1,118,419913,26.0,40
28,110,2,1,120,484318,23.0,400
23,68,1,1,51,448895,26.0,401
12,132,3,2,112,1076930,11.0,402
24,86,2,2,129,217496,2.0,403
12,129,1,2,75,609078,8.0,404
29,76,2,2,92,533539,22.0,405
27,133,3,2,135,426875,26.0,406
24,140,3,2,132,1632295,6.0,407
26,129,3,3,70,623121,19.0,408
28,69,3,2,130,113918,6.0,409
27,139,2,3,100,1322293,9.0,41
27,114,2,2,124,70476,2.0,410
13,70,3,2,119,654037,18.0,411
16,101,3,1,87,567247,20.0,412
14,51,2,1,60,459985,26.0,413
18,115,2,2,136,550999,21.0,414
25,73,3,2,122,136479,3.0,415
24,83,2,2,59,21133,2.0,416
14,104,3,1,50,907763,11.0,417
12,96,2,2,74,451571,26.0,418
13,99,3,2,118,560449,21.0,419
20,72,2,3,72,504350,24.0,42
27,141,2,3,58,775640,16.0,420
13,54,2,2,88,822291,15.0,421
24,101,2,2,84,761699,16.0,422
22,73,3,2,52,691532,18.0,423
14,89,2,2,110,762693,16.0,424
21,96,3,3,74,786958,6.0,425
20,130,2,2,150,724605,16.0,426
29,57,2,2,137,-307350,3.0,427
15,144,2,3,117,518423,22.0,428
17,53,2,3,52,81868,3.0,429
22,138,2,2,59,596132,20.0,43
29,143,2,1,92,835138,12.0,430
16,75,2,2,137,999149,12.0,431
26,90,3,2,84,117232,5.0,432
19,140,3,3,75,415809,27.0,433
17,137,2,3,58,1031576,12.0,434
23,138,2,3,138,678314,17.0,435
29,89,3,1,80,-1005129,6.0,436
28,146,2,2,99,467728,24.0,437
11,107,2,2,142,1204969,3.0,438
28,120,2,1,91,420549,26.0,439
14,147,2,1,72,816557,11.0,44
17,87,2,2,124,713070,5.0,440
13,105,3,1,110,89685,5.0,441
15,129,2,3,98,441562,26.0,442
27,95,3,2,100,502170,23.0,443
29,115,1,1,57,-1160143,2.0,444
20,64,2,2,82,192414,4.0,445
23,126,3,2,61,832605,15.0,446
18,149,3,2,108,692158,17.0,447
19,126,2,1,52,-282433,1.0,448
24,59,1,2,143,581304,20.0,449
15,146,3,3,144,601239,19.0,45
13,89,2,2,125,945709,13.0,450
21,75,2,3,128,698983,17.0,451
11,105,2,3,128,458212,25.0,452
17,101,2,2,131,938558,13.0,453
11,52,2,3,59,453422,27.0,454
26,64,2,2,70,425782,28.0,455
18,77,1,2,65,643520,9.0,456
19,136,1,2,95,899914,13.0,457
15,109,2,1,130,776034,14.0,458
28,65,2,2,88,-324715,5.0,459
12,129,3,3,61,451617,26.0,46
24,63,1,2,93,-381555,1.0,460
28,131,2,2,142,675884,17.0,461
16,143,2,3,56,825855,15.0,462
22,90,2,1,129,781648,14.0,463
15,140,1,1,131,-201138,9.0,464
21,69,3,2,70,134615,4.0,465
20,102,2,2,54,836572,15.0,466
23,111,1,1,53,-678413,10.0,467
13,118,1,2,110,977485,9.0,468
25,58,2,1,66,398778,29.0,469
26,80,3,3,121,421792,27.0,47
21,53,3,2,78,683820,10.0,470
12,143,3,1,135,131181,4.0,471
16,76,1,2,105,610956,19.0,472
19,90,1,2,51,32552,7.0,473
28,78,1,3,133,-486548,3.0,474
20,87,3,1,85,808305,11.0,475
11,73,2,1,145,440745,25.0,476
26,132,3,3,145,381080,28.0,477
15,120,2,3,51,459493,26.0,478
16,65,3,3,51,279399,6.0,479
28,92,2,2,57,610158,20.0,48
16,125,2,2,115,876388,5.0,480
19,62,2,3,132,553845,2.0,481
15,139,2,3,108,1437682,1.0,482
22,100,3,1,66,-505759,4.0,483
26,75,2,3,95,831899,15.0,484
15,66,2,1,69,791829,14.0,485
12,50,2,2,103,632029,2.0,486
16,91,3,2,71,1009971,7.0,487
27,115,2,1,61,572792,20.0,488
11,61,2,3,137,441308,26.0,489
19,108,2,1,127,-330128,5.0,49
29,116,2,3,147,359151,1.0,490
28,75,1,3,65,385025,30.0,491
13,75,2,2,133,591418,20.0,492
21,150,2,1,70,817303,11.0,493
24,76,2,3,125,432618,5.0,494
24,107,3,2,99,877548,14.0,495
16,146,2,1,90,474275,23.0,496
15,78,1,3,83,487419,24.0,497
23,126,1,3,118,678557,17.0,498
25,145,1,2,100,428487,26.0,499
27,55,1,1,138,456182,24.0,5
13,94,1,3,99,602682,2.0,50
15,120,2,3,101,706478,17.0,500
14,144,2,3,124,353094,30.0,501
24,119,3,2,67,539669,22.0,502
26,112,2,2,93,522821,22.0,503
15,101,3,3,131,500042,23.0,504
16,103,2,3,107,763407,16.0,505
12,59,2,3,54,567132,7.0,506
11,110,3,3,67,542839,22.0,507
23,104,2,2,83,464389,25.0,508
13,62,2,2,78,831511,15.0,509
18,88,3,2,137,864464,14.0,51
25,90,1,1,104,537236,20.0,510
28,133,2,2,56,1562836,7.0,511
23,54,2,2,65,446587,27.0,512
10,150,3,1,77,332492,7.0,513
27,64,1,1,105,602194,18.0,514
16,130,2,2,76,706089,17.0,515
14,76,2,2,130,363628,30.0,516
19,127,1,2,75,366489,30.0,517
29,134,2,1,89,811838,11.0,518
26,108,1,2,99,-410613,8.0,519
13,94,1,1,132,488014,22.0,52
15,71,1,2,145,493966,23.0,520
25,66,1,1,124,654093,16.0,521
10,69,2,3,144,588491,20.0,522
27,70,2,1,73,779614,12.0,523
16,94,3,2,118,609516,19.0,524
17,77,1,2,94,429954,27.0,525
23,147,2,3,68,465743,25.0,526
19,142,2,1,64,-290994,3.0,527
17,123,2,2,126,377798,29.0,528
21,145,1,3,54,375036,30.0,529
26,139,2,2,101,202064,2.0,53
13,56,1,1,112,-23342,11.0,530
14,57,3,2,52,655312,19.0,531
11,125,1,1,122,392061,27.0,532
30,57,3,3,129,1005963,12.0,533
10,139,3,3,139,642849,18.0,534
26,93,1,2,75,702354,17.0,535
10,84,3,2,69,725714,17.0,536
27,135,3,3,146,1268543,9.0,537
21,74,2,2,82,474083,25.0,538
26,129,2,2,70,598548,20.0,539
22,145,2,3,127,737110,16.0,54
22,72,2,3,51,566728,9.0,540
24,74,3,2,87,387144,30.0,541
14,65,1,1,87,-118455,7.0,542
23,128,3,3,80,1732732,7.0,543
29,72,2,2,96,1085111,10.0,544
19,59,2,2,89,750862,9.0,545
22,149,2,3,127,735801,16.0,546
21,60,2,3,148,658855,18.0,547
12,100,2,2,135,1371963,8.0,548
28,108,2,2,147,365931,29.0,549
29,104,3,2,79,489372,24.0,55
23,136,2,3,149,342533,30.0,550
24,97,2,2,142,1074315,11.0,551
28,83,3,2,114,614255,19.0,552
15,74,3,2,67,604589,3.0,553
21,130,1,2,142,710886,16.0,554
24,71,1,1,126,-804791,8.0,555
13,55,2,2,64,393840,3.0,556
27,139,2,1,74,703008,16.0,557
19,137,3,2,118,377082,29.0,558
17,116,2,2,139,1213637,6.0,559
17,97,2,3,70,398975,29.0,56
11,71,2,3,65,618909,20.0,560
13,119,2,3,61,1352966,9.0,561
13,149,1,3,79,409264,27.0,562
11,119,3,2,94,1417262,5.0,563
21,80,2,1,120,378095,29.0,564
22,78,1,2,65,819172,15.0,565
16,101,3,3,62,895412,14.0,566
19,71,2,2,63,590213,21.0,567
27,126,1,2,84,1075086,10.0,568
25,144,3,1,85,620480,18.0,569
28,96,2,2,102,449937,26.0,57
13,80,3,1,67,586004,20.0,570
22,84,2,3,59,972966,13.0,571
26,122,2,2,130,375305,29.0,572
21,93,2,2,121,667498,6.0,573
26,70,2,3,86,460937,26.0,574
26,136,2,2,99,204382,3.0,575
12,101,3,1,137,138487,2.0,576
22,62,2,2,75,724871,17.0,577
19,119,2,2,86,1449058,8.0,578
13,86,3,2,131,503826,23.0,579
14,58,1,2,50,532462,23.0,58
29,117,1,1,85,661654,14.0,580
23,58,1,2,79,-335079,4.0,581
22,85,2,1,66,468911,25.0,582
23,149,3,1,146,366838,28.0,583
18,82,1,2,144,47759,2.0,584
26,105,1,2,72,971796,12.0,585
22,123,1,2,119,-201236,5.0,586
16,108,3,1,100,-94197,9.0,587
12,57,1,1,92,580882,19.0,588
26,140,2,3,102,1436379,5.0,589
14,86,2,2,89,874314,5.0,59
29,93,1,3,100,-494275,7.0,590
24,70,2,1,101,389653,29.0,591
28,79,2,2,119,390855,29.0,592
25,145,2,3,67,954906,13.0,593
21,126,2,1,82,-417406,8.0,594
13,148,1,2,95,1019050,11.0,595
21,138,3,2,53,771111,16.0,596
21,102,2,2,118,485611,5.0,597
20,77,2,1,97,-370887,7.0,598
14,149,3,2,79,525655,22.0,599
26,69,3,3,134,697439,17.0,6
11,122,1,2,110,992591,9.0,60
21,127,3,1,72,804599,14.0,600
26,122,1,2,120,358857,30.0,601
23,52,2,3,147,212705,6.0,602
29,78,2,2,115,-196517,5.0,603
18,131,2,1,113,-239639,8.0,604
27,94,2,3,61,578346,21.0,605
18,76,2,1,53,-200639,9.0,606
21,136,1,2,149,374642,28.0,607
15,72,2,1,91,-27814,5.0,608
28,129,3,2,129,245753,3.0,609
11,92,1,3,103,914614,13.0,61
15,92,2,1,121,697323,16.0,610
29,77,2,3,97,401045,29.0,611
28,97,2,3,98,714590,17.0,612
24,101,3,1,130,531490,21.0,613
28,132,2,2,127,1255869,9.0,614
23,127,2,3,121,747661,16.0,615
27,96,2,1,121,-835990,9.0,616
20,56,2,2,63,833268,11.0,617
22,150,2,2,105,539123,21.0,618
18,123,1,2,64,489563,24.0,619
20,85,2,3,68,1092521,11.0,62
13,96,3,2,71,1227813,7.0,620
24,68,2,1,108,819320,13.0,621
23,111,3,1,62,-577884,2.0,622
19,52,1,2,52,517710,24.0,623
22,57,1,3,139,-85751,6.0,624
16,87,3,3,82,448032,26.0,625
23,73,3,2,71,482039,25.0,626
16,113,2,2,62,544892,22.0,627
23,131,2,1,62,416263,27.0,628
15,69,2,3,135,1090970,7.0,629
14,148,2,3,100,382025,29.0,63
22,122,2,1,79,376653,29.0,630
10,54,2,3,130,512885,23.0,631
19,56,1,3,56,469359,26.0,632
17,86,2,2,112,696046,2.0,633
19,131,3,3,114,1307046,9.0,634
19,132,3,1,51,-263947,7.0,635
17,72,1,1,91,656460,14.0,636
19,50,3,3,72,145780,9.0,637
16,73,1,3,86,371052,5.0,638
25,107,2,3,113,814995,15.0,639
23,100,2,2,111,390273,29.0,64
16,132,1,2,143,394080,27.0,640
20,98,3,2,75,395434,29.0,641
22,93,2,2,139,584278,20.0,642
15,100,1,3,134,443759,4.0,643
20,77,3,2,53,170727,4.0,644
22,107,2,2,137,372300,29.0,645
21,77,3,2,101,418095,28.0,646
18,57,2,2,125,450013,26.0,647
17,128,2,2,142,785251,15.0,648
15,59,3,3,136,1216912,9.0,649
23,136,3,1,149,-599263,8.0,65
16,67,2,2,98,882597,14.0,650
30,104,2,2,99,555614,21.0,651
28,93,1,3,61,873381,14.0,652
28,142,1,3,59,657486,18.0,653
11,131,2,1,140,215696,4.0,654
29,95,3,2,111,531528,22.0,655
26,79,2,3,134,695218,17.0,656
21,53,2,3,81,789893,10.0,657
14,52,3,2,95,510365,4.0,658
14,127,2,3,138,367594,29.0,659
18,63,1,3,80,406446,29.0,66
17,147,2,1,145,601485,18.0,660
26,81,1,1,126,456107,24.0,661
18,60,1,1,65,442189,26.0,662
11,58,2,2,90,826294,15.0,663
12,91,1,2,149,826153,14.0,664
23,64,2,2,115,1077234,10.0,665
20,117,2,2,59,835368,15.0,666
27,97,2,1,100,455313,25.0,667
29,140,1,2,57,-652952,2.0,668
12,96,2,2,129,438050,26.0,669
18,107,2,2,79,1097834,11.0,67
24,100,2,1,76,402271,28.0,670
24,53,2,2,143,623685,19.0,671
19,141,2,1,104,-321668,1.0,672
17,109,1,1,149,-325041,10.0,673
28,122,3,1,82,423360,26.0,674
18,83,2,1,125,509106,22.0,675
28,81,3,2,143,46030,2.0,676
20,58,1,2,100,558194,21.0,677
15,70,1,3,75,816737,15.0,678
16,66,2,2,72,506034,24.0,679
28,112,3,3,117,439539,26.0,68
21,106,2,2,142,428055,26.0,680
21,145,2,3,55,510995,23.0,681
11,103,2,2,140,452109,25.0,682
17,114,2,3,99,1440656,8.0,683
12,101,2,3,85,532282,22.0,684
20,145,2,3,139,1666941,5.0,685
11,124,2,2,74,407481,28.0,686
21,64,3,3,60,927980,13.0,687
21,121,2,2,104,1395774,8.0,688
12,60,2,3,78,694933,5.0,689
13,117,2,3,51,576340,21.0,69
26,67,3,2,51,534716,23.0,690
27,134,2,3,127,473901,24.0,691
23,90,1,3,115,-117304,4.0,692
10,114,2,2,146,490728,23.0,693
25,145,2,2,86,303718,2.0,694
21,109,3,2,119,586803,20.0,695
11,110,1,2,94,548610,21.0,696
26,51,3,2,112,543779,22.0,697
12,102,1,1,133,3188,4.0,698
13,104,2,1,132,581989,19.0,699
29,105,3,2,135,685171,17.0,7
13,54,1,1,103,416172,27.0,70
11,60,3,2,101,435311,27.0,700
19,57,2,1,135,-324142,2.0,701
12,86,2,3,117,1340475,5.0,702
12,62,1,1,103,368994,30.0,703
24,131,1,3,86,918056,13.0,704
22,73,1,2,76,947106,10.0,705
22,135,3,1,79,356898,30.0,706
29,125,2,2,143,-56415,3.0,707
22,94,2,2,84,631053,19.0,708
27,100,1,2,82,619326,19.0,709
12,150,3,3,135,728882,16.0,71
26,57,3,2,105,435125,27.0,710
16,124,1,2,146,594545,19.0,711
27,147,2,2,142,1159317,10.0,712
13,102,3,1,98,112624,9.0,713
21,102,2,2,70,498208,24.0,714
21,95,2,2,66,1114222,11.0,715
26,124,1,2,110,362617,30.0,716
17,68,2,2,139,1110728,10.0,717
14,64,2,2,51,653623,19.0,718
25,124,2,1,121,-756411,2.0,719
29,135,3,2,88,1097475,11.0,72
20,114,2,2,63,417493,28.0,720
25,63,3,1,130,-766474,2.0,721
29,80,3,2,96,474913,25.0,722
20,127,2,2,124,584128,2.0,723
13,123,2,2,55,435558,27.0,724
11,102,3,2,64,674336,18.0,725
24,73,2,3,109,515852,23.0,726
15,63,3,1,141,690717,16.0,727
23,103,2,3,73,668115,18.0,728
17,97,2,2,82,599941,20.0,729
25,56,1,3,79,907463,11.0,73
12,78,1,2,147,472803,6.0,730
22,55,2,1,89,685119,17.0,731
30,112,2,3,56,459869,26.0,732
28,79,2,2,144,556310,21.0,733
22,112,2,3,102,941541,13.0,734
25,65,3,2,62,412549,29.0,735
20,101,1,2,99,696882,17.0,736
24,63,3,2,98,533852,22.0,737
27,148,2,3,136,465825,24.0,738
11,56,3,2,116,887152,14.0,739
15,106,2,2,106,1379817,8.0,74
10,90,2,3,74,720135,17.0,740
12,117,2,2,126,1137910,2.0,741
10,85,2,2,120,1000729,12.0,742
20,147,1,2,98,947833,12.0,743
20,96,1,1,138,-557027,5.0,744
10,81,3,1,107,305030,4.0,745
10,63,3,2,90,993517,8.0,746
23,106,3,3,116,1363744,6.0,747
25,94,2,3,121,1008241,12.0,748
15,78,2,1,121,511929,22.0,749
15,107,3,1,58,641994,18.0,75
11,102,1,2,147,543398,2.0,750
23,109,2,2,120,417312,27.0,751
19,97,2,2,53,782882,16.0,752
22,93,3,1,118,375526,29.0,753
20,111,3,3,103,1560985,7.0,754
25,119,2,2,64,518914,23.0,755
19,125,3,2,119,570192,20.0,756
18,114,2,1,70,366125,30.0,757
23,93,2,2,138,395255,28.0,758
19,129,3,3,144,850807,14.0,759
28,148,2,1,80,587833,19.0,76
17,98,2,1,83,632841,18.0,760
13,61,3,2,109,972577,12.0,761
13,53,3,3,81,1012657,11.0,762
15,67,1,1,51,521315,22.0,763
30,80,1,2,108,-751683,6.0,764
22,137,2,2,74,507623,23.0,765
28,147,3,3,60,717710,17.0,766
12,61,2,2,60,959983,12.0,767
19,146,2,2,117,409763,27.0,768
22,72,3,1,141,-535370,6.0,769
11,92,2,3,77,830666,15.0,77
14,117,2,1,68,575359,20.0,770
14,87,2,3,69,675299,18.0,771
15,139,2,1,82,-22715,5.0,772
24,82,2,2,83,1065358,11.0,773
29,134,3,2,106,438853,26.0,774
30,68,3,3,144,802567,15.0,775
12,77,2,2,51,1008399,12.0,776
25,114,1,3,101,-224599,6.0,777
18,130,3,2,112,642261,18.0,778
24,58,2,2,147,376967,29.0,779
13,148,3,3,97,510857,22.0,78
27,102,3,2,75,889075,14.0,780
24,57,3,2,145,1005403,12.0,781
25,50,2,3,83,412172,29.0,782
18,97,2,2,64,964581,13.0,783
20,90,3,1,102,497576,10.0,784
10,142,3,2,135,1075109,11.0,785
12,112,2,2,133,1134790,10.0,786
22,128,2,3,59,890644,14.0,787
24,67,2,3,110,1044224,11.0,788
27,88,2,2,75,718023,17.0,789
11,127,2,2,79,1259927,3.0,79
19,119,1,2,135,717919,16.0,790
25,51,2,2,150,799645,15.0,791
27,90,2,1,79,-861500,5.0,792
24,132,3,2,142,1397559,8.0,793
19,98,2,3,94,1362205,8.0,794
18,95,2,2,145,389282,28.0,795
21,79,1,2,98,489834,24.0,796
15,123,2,2,77,1616494,7.0,797
28,55,2,2,97,461187,26.0,798
18,84,1,3,73,244187,4.0,799
10,64,2,2,134,593749,20.0,8
16,66,1,3,100,943504,12.0,80
19,141,1,3,105,188273,6.0,800
23,133,2,2,149,918648,13.0,801
22,108,1,2,87,849159,14.0,802
11,68,2,2,87,870300,14.0,803
28,95,1,1,89,400967,28.0,804
30,75,1,1,71,-1192123,9.0,805
27,103,2,3,56,641472,19.0,806
17,52,2,3,66,685706,18.0,807
15,74,1,1,55,-170796,6.0,808
11,87,3,2,113,468235,25.0,809
24,112,2,3,128,746413,16.0,81
25,137,1,2,124,-421505,4.0,810
29,119,2,2,125,398770,28.0,811
28,108,2,2,113,443125,26.0,812
13,140,1,2,68,472720,5.0,813
15,118,3,2,77,567613,21.0,814
27,147,3,2,145,637834,18.0,815
18,81,1,2,149,38248,1.0,816
23,65,2,2,95,423757,28.0,817
21,74,3,3,54,618597,20.0,818
24,95,1,3,76,664099,18.0,819
28,60,1,2,141,611516,19.0,82
27,121,2,2,55,422178,28.0,820
21,71,2,3,94,357537,1.0,821
26,123,1,3,132,-330581,3.0,822
29,85,2,2,120,422513,27.0,823
18,99,3,3,123,439537,26.0,824
26,98,3,2,131,298011,5.0,825
28,142,1,3,63,-402721,4.0,826
28,52,1,2,127,465477,25.0,827
16,141,2,3,93,1391836,1.0,828
29,141,3,3,108,868496,14.0,829
24,124,2,3,94,944381,13.0,83
22,61,2,2,51,423257,29.0,830
14,109,1,2,107,351713,2.0,831
12,91,2,2,99,429983,27.0,832
17,81,1,3,95,396875,29.0,833
22,120,3,2,146,574621,20.0,834
14,51,1,3,134,527755,22.0,835
30,97,3,2,90,1008977,12.0,836
24,53,2,1,107,502846,23.0,837
10,98,2,3,88,1480694,6.0,838
10,64,1,3,87,533708,22.0,839
15,111,2,3,78,963467,13.0,84
26,79,2,2,88,940085,8.0,840
20,78,1,2,133,909182,13.0,841
21,140,1,2,147,410188,26.0,842
23,146,3,1,86,386327,28.0,843
22,101,2,2,142,408120,5.0,844
12,88,2,2,83,722181,17.0,845
11,142,3,2,61,1496803,8.0,846
30,142,3,3,113,519124,22.0,847
18,102,2,2,70,429764,27.0,848
23,56,1,3,142,-164736,1.0,849
17,59,3,1,90,788155,13.0,85
29,125,2,1,129,397132,27.0,850
28,72,2,1,77,420675,27.0,851
16,148,2,1,70,823852,13.0,852
15,142,2,2,106,437154,26.0,853
29,76,1,1,120,-538552,12.0,854
11,129,2,3,94,408013,28.0,855
14,89,2,1,92,45660,7.0,856
14,136,2,1,122,29312,8.0,857
29,127,2,3,53,539087,22.0,858
17,72,2,2,145,647758,6.0,859
19,68,1,2,63,673725,18.0,86
11,87,2,2,129,402677,28.0,860
15,70,2,2,121,596403,20.0,861
29,62,2,2,137,463730,25.0,862
27,80,2,3,88,404595,29.0,863
20,84,3,2,118,1014169,7.0,864
27,141,2,2,99,648083,18.0,865
13,136,2,2,81,384103,29.0,866
14,88,2,2,50,414884,29.0,867
14,143,2,1,70,511542,22.0,868
30,120,1,3,144,858136,8.0,869
25,120,3,1,80,424917,26.0,87
21,95,2,2,91,419279,28.0,870
15,94,2,2,74,796083,6.0,871
14,113,1,2,109,478817,24.0,872
19,102,2,2,115,506158,23.0,873
29,52,2,1,72,745342,13.0,874
22,118,3,3,92,1151344,5.0,875
27,65,1,3,96,646376,9.0,876
25,70,3,1,88,474782,24.0,877
16,101,2,2,114,485991,24.0,878
25,137,1,2,82,450820,25.0,879
17,106,2,3,137,1178545,3.0,88
24,116,2,3,68,426761,27.0,880
17,116,3,2,63,475501,25.0,881
11,147,2,3,67,589171,20.0,882
21,86,2,2,104,401258,2.0,883
21,124,2,2,51,384889,30.0,884
18,96,2,2,129,617308,19.0,885
18,130,1,2,148,376110,28.0,886
14,121,2,3,86,813386,15.0,887
24,134,3,2,144,1162881,10.0,888
15,148,1,2,129,365451,29.0,889
10,111,2,1,114,456872,10.0,89
16,115,2,1,82,395923,28.0,890
17,73,1,2,93,808000,15.0,891
23,145,1,2,136,362304,29.0,892
21,57,2,1,92,445932,26.0,893
22,55,2,2,93,462148,26.0,894
16,137,2,1,79,-67241,8.0,895
30,123,2,2,65,393541,29.0,896
16,105,2,2,116,1295985,7.0,897
21,90,3,1,86,408645,28.0,898
30,145,2,2,145,441157,25.0,899
17,116,3,1,75,514413,22.0,9
20,102,2,2,67,465873,1.0,90
28,57,3,2,80,644749,19.0,900
17,74,1,2,91,144467,5.0,901
18,119,3,1,55,-175514,8.0,902
25,82,2,3,93,630028,19.0,903
26,96,2,2,60,385451,30.0,904
12,143,2,3,97,649663,18.0,905
26,131,3,3,132,860538,14.0,906
22,116,1,2,103,689914,17.0,907
22,59,3,2,88,52439,3.0,908
19,134,2,2,115,678918,5.0,909
23,141,1,1,122,403592,26.0,91
23,130,2,3,71,964121,13.0,910
16,68,1,2,76,184259,4.0,911
16,84,2,1,94,818920,12.0,912
12,133,2,2,144,845573,14.0,913
27,146,2,3,111,1458929,5.0,914
24,104,1,2,146,715693,16.0,915
27,141,3,1,85,458379,24.0,916
30,135,2,2,96,492728,23.0,917
12,109,2,3,103,708423,17.0,918
20,149,3,1,61,591134,19.0,919
19,104,3,2,62,658039,4.0,92
29,75,2,2,132,1002095,12.0,920
15,100,2,3,78,468591,25.0,921
29,142,1,2,95,506215,22.0,922
15,135,3,3,127,634599,18.0,923
27,73,2,2,139,460623,25.0,924
11,72,3,3,115,449367,26.0,925
24,54,2,2,61,451344,27.0,926
16,112,2,2,87,481989,24.0,927
25,144,2,2,103,284741,1.0,928
26,126,2,1,85,738148,15.0,929
20,76,3,2,120,489522,24.0,93
13,135,2,1,78,464611,24.0,930
11,118,3,2,83,1391282,4.0,931
28,59,2,2,75,910832,13.0,932
27,81,2,1,94,-840921,8.0,933
21,119,2,3,53,480998,25.0,934
16,68,2,1,140,819467,13.0,935
12,63,2,2,61,435352,28.0,936
21,78,1,2,121,971213,11.0,937
18,53,2,2,83,393596,30.0,938
16,63,3,2,111,572242,21.0,939
17,110,2,2,113,548257,21.0,94
18,149,3,3,111,507603,22.0,940
29,65,2,3,105,593434,20.0,941
10,53,2,2,63,575679,3.0,942
16,84,1,2,60,405353,29.0,943
26,72,3,2,119,1050103,11.0,944
14,65,1,2,123,341194,5.0,945
12,133,2,2,148,724538,16.0,946
17,68,1,2,114,913796,13.0,947
18,125,2,1,138,575039,19.0,948
19,128,2,2,114,542562,21.0,949
25,132,1,2,111,-404109,6.0,95
17,98,2,2,101,555929,21.0,950
11,148,3,2,118,492994,23.0,951
25,145,2,1,144,787184,11.0,952
22,133,1,3,100,538339,21.0,953
18,77,2,2,67,585616,21.0,954
12,69,2,1,87,714539,11.0,955
21,71,2,1,82,380914,30.0,956
16,134,2,2,147,842678,14.0,957
22,88,1,2,136,473461,24.0,958
18,66,2,1,106,480085,24.0,959
13,88,2,1,146,93624,5.0,96
21,63,3,2,101,251539,3.0,960
27,84,1,2,80,830529,9.0,961
12,68,3,2,102,400520,29.0,962
10,98,3,1,105,307446,5.0,963
27,50,2,2,68,535024,23.0,964
29,51,1,2,112,514114,23.0,965
20,140,2,2,74,461785,25.0,966
24,95,1,3,124,455908,25.0,967
21,120,2,3,111,385291,29.0,968
29,143,2,3,147,455051,3.0,969
20,89,3,1,131,828636,13.0,97
14,115,3,1,103,448721,25.0,970
11,71,2,2,139,1047270,3.0,971
28,128,2,2,83,560847,21.0,972
18,74,2,1,138,818902,13.0,973
16,95,2,3,52,582987,21.0,974
21,121,2,3,70,1349185,9.0,975
13,99,2,2,136,1360297,8.0,976
13,50,1,2,113,375148,4.0,977
12,77,1,3,116,421511,27.0,978
20,118,3,2,99,1423190,8.0,979
29,56,3,3,102,383918,30.0,98
12,108,2,2,77,537991,22.0,980
14,99,3,2,55,522735,23.0,981
12,105,2,1,59,641249,18.0,982
19,65,3,3,144,558836,21.0,983
20,77,2,2,65,222846,2.0,984
25,70,1,3,131,415085,27.0,985
16,100,2,1,99,-81838,9.0,986
14,134,1,3,138,522568,7.0,987
20,132,1,1,64,638050,17.0,988
27,101,1,2,122,579090,20.0,989
20,121,1,2,138,934742,9.0,99
19,81,1,1,61,-428557,11.0,990
19,105,2,2,116,463098,25.0,991
19,110,3,2,89,1199631,6.0,992
24,68,1,2,101,924225,12.0,993
24,116,3,2,140,1518686,7.0,994
11,74,1,2,64,482976,25.0,995
11,136,1,2,59,631562,7.0,996
18,106,2,1,105,703218,16.0,997
18,82,3,2,68,582971,21.0,998
18,149,3,2,106,485187,23.0,999
